club_id,club_code,name,domestic_competition_id,total_market_value,squad_size,average_age,foreigners_number,foreigners_percentage,national_team_players,stadium_name,stadium_seats,net_transfer_record,coach_name,last_season,filename,url
1003,leicester-city,Leicester City,GB1,,29,25.9,17,58.6,9,King Power Stadium,32259,+€57.30m,Steve Cooper,2024,../data/raw/transfermarkt-scraper/2024/clubs.json.gz,https://www.transfermarkt.co.uk/leicester-city/startseite/verein/1003
1010,fc-watford,Watford FC,GB1,,30,26.3,24,80.0,12,Vicarage Road,21577,+€42.02m,,2021,../data/raw/transfermarkt-scraper/2021/clubs.json.gz,https://www.transfermarkt.co.uk/fc-watford/startseite/verein/1010
1031,luton-town,Luton Town,GB1,,30,26.1,16,53.3,7,Kenilworth Road,11850,+€9.00m,,2023,../data/raw/transfermarkt-scraper/2023/clubs.json.gz,https://www.transfermarkt.co.uk/luton-town/startseite/verein/1031
1032,fc-reading,Reading FC,GB1,,30,23.1,14,46.7,5,Select Car Leasing Stadium,24161,+€3.06m,,2012,../data/raw/transfermarkt-scraper/2012/clubs.json.gz,https://www.transfermarkt.co.uk/fc-reading/startseite/verein/1032
1039,queens-park-rangers,Queens Park Rangers,GB1,,26,25.9,15,57.7,8,Loftus Road Stadium,18360,+€900k,,2014,../data/raw/transfermarkt-scraper/2014/clubs.json.gz,https://www.transfermarkt.co.uk/queens-park-rangers/startseite/verein/1039
1049,fc-valencia,Valencia Club de Fútbol S. A. D.,ES1,,27,28.1,14,51.9,3,Mestalla,49430,+€9.63m,,2025,../data/raw/transfermarkt-scraper/2025/clubs.json.gz,https://www.transfermarkt.co.uk/fc-valencia/startseite/verein/1049
1050,fc-villarreal,Villarreal Club de Fútbol S.A.D.,ES1,,28,26.1,13,46.4,10,La Cerámica,23500,+€2.50m,,2025,../data/raw/transfermarkt-scraper/2025/clubs.json.gz,https://www.transfermarkt.co.uk/fc-villarreal/startseite/verein/1050
1071,wigan-athletic,Wigan Athletic,GB1,,26,24.0,8,30.8,2,DW Stadium,25133,+€290k,,2012,../data/raw/transfermarkt-scraper/2012/clubs.json.gz,https://www.transfermarkt.co.uk/wigan-athletic/startseite/verein/1071
1084,fc-malaga,Málaga CF,ES1,,27,27.9,8,29.6,0,La Rosaleda,30044,+€950k,,2017,../data/raw/transfermarkt-scraper/2017/clubs.json.gz,https://www.transfermarkt.co.uk/fc-malaga/startseite/verein/1084
11,fc-arsenal,Arsenal Football Club,GB1,,24,26.4,17,70.8,21,Emirates Stadium,60704,€-280.30m,,2025,../data/raw/transfermarkt-scraper/2025/clubs.json.gz,https://www.transfermarkt.co.uk/fc-arsenal/startseite/verein/11
1108,deportivo-alaves,Deportivo Alavés S. A. D.,ES1,,24,27.9,10,41.7,3,Mendizorroza,19840,+€20.88m,,2025,../data/raw/transfermarkt-scraper/2025/clubs.json.gz,https://www.transfermarkt.co.uk/deportivo-alaves/startseite/verein/1108
1110,huddersfield-town,Huddersfield Town,GB1,,33,26.7,12,36.4,3,John Smith's Stadium,24500,+€11.28m,,2018,../data/raw/transfermarkt-scraper/2018/clubs.json.gz,https://www.transfermarkt.co.uk/huddersfield-town/startseite/verein/1110
1123,norwich-city,Norwich City,GB1,,25,26.0,17,68.0,12,Carrow Road,27244,€-10.33m,,2021,../data/raw/transfermarkt-scraper/2021/clubs.json.gz,https://www.transfermarkt.co.uk/norwich-city/startseite/verein/1123
1132,fc-burnley,Burnley Football Club,GB1,,29,27.7,21,72.4,12,Turf Moor,21994,€-93.65m,,2025,../data/raw/transfermarkt-scraper/2025/clubs.json.gz,https://www.transfermarkt.co.uk/fc-burnley/startseite/verein/1132
1148,fc-brentford,Brentford Football Club,GB1,,26,25.4,20,76.9,14,Gtech Community Stadium,17250,+€50.06m,,2025,../data/raw/transfermarkt-scraper/2025/clubs.json.gz,https://www.transfermarkt.co.uk/fc-brentford/startseite/verein/1148
12321,fc-girona,Girona Fútbol Club S. A. D.,ES1,,27,28.5,14,51.9,6,Montilivi,14624,+€29.15m,,2025,../data/raw/transfermarkt-scraper/2025/clubs.json.gz,https://www.transfermarkt.co.uk/fc-girona/startseite/verein/12321
1237,brighton-amp-hove-albion,Brighton and Hove Albion Football Club,GB1,,26,27.5,19,73.1,15,AMEX Stadium,31876,+€63.15m,,2025,../data/raw/transfermarkt-scraper/2025/clubs.json.gz,https://www.transfermarkt.co.uk/brighton-amp-hove-albion/startseite/verein/1237
1244,cd-leganes,CD Leganés,ES1,,24,27.7,5,20.8,3,Ontime Butarque,14422,+€17.05m,Borja Jiménez,2024,../data/raw/transfermarkt-scraper/2024/clubs.json.gz,https://www.transfermarkt.co.uk/cd-leganes/startseite/verein/1244
13,atletico-madrid,Club Atlético de Madrid S.A.D.,ES1,,23,27.6,16,69.6,18,Riyadh Air Metropolitano,70460,€-84.45m,,2025,../data/raw/transfermarkt-scraper/2025/clubs.json.gz,https://www.transfermarkt.co.uk/atletico-madrid/startseite/verein/13
131,fc-barcelona,Futbol Club Barcelona,ES1,,24,25.6,11,45.8,17,Spotify Camp Nou,62657,+€3.70m,,2025,../data/raw/transfermarkt-scraper/2025/clubs.json.gz,https://www.transfermarkt.co.uk/fc-barcelona/startseite/verein/131
142,real-saragossa,Real Zaragoza,ES1,,23,26.0,6,26.1,1,La Romareda,33608,+€30k,,2012,../data/raw/transfermarkt-scraper/2012/clubs.json.gz,https://www.transfermarkt.co.uk/real-saragossa/startseite/verein/142
148,tottenham-hotspur,Tottenham Hotspur Football Club,GB1,,28,25.8,22,78.6,20,Tottenham Hotspur Stadium,62850,€-182.90m,,2025,../data/raw/transfermarkt-scraper/2025/clubs.json.gz,https://www.transfermarkt.co.uk/tottenham-hotspur/startseite/verein/148
150,real-betis-sevilla,Real Betis Balompié S.A.D.,ES1,,27,29.0,13,48.1,11,La Cartuja,70000,€-875k,,2025,../data/raw/transfermarkt-scraper/2025/clubs.json.gz,https://www.transfermarkt.co.uk/real-betis-sevilla/startseite/verein/150
1531,fc-elche,Elche Club de Fútbol S.A.D.,ES1,,26,26.6,10,38.5,3,Manuel Martínez Valero,31388,+€22.90m,,2025,../data/raw/transfermarkt-scraper/2025/clubs.json.gz,https://www.transfermarkt.co.uk/fc-elche/startseite/verein/1531
1533,sd-eibar,SD Eibar,ES1,,26,28.3,5,19.2,0,Ipurua,8164,+€2.60m,,2020,../data/raw/transfermarkt-scraper/2020/clubs.json.gz,https://www.transfermarkt.co.uk/sd-eibar/startseite/verein/1533
16795,fc-granada,Granada CF,ES1,,24,26.1,8,33.3,4,Nuevo Los Cármenes,19336,+€19.70m,,2023,../data/raw/transfermarkt-scraper/2023/clubs.json.gz,https://www.transfermarkt.co.uk/fc-granada/startseite/verein/16795
180,fc-southampton,Southampton FC,GB1,,27,26.6,15,55.6,6,St Mary's Stadium,32384,+€86.56m,Russell Martin,2024,../data/raw/transfermarkt-scraper/2024/clubs.json.gz,https://www.transfermarkt.co.uk/fc-southampton/startseite/verein/180
2288,swansea-city,Swansea City,GB1,,22,24.8,17,77.3,4,Swansea.com Stadium,21088,+€8.35m,,2017,../data/raw/transfermarkt-scraper/2017/clubs.json.gz,https://www.transfermarkt.co.uk/swansea-city/startseite/verein/2288
237,rcd-mallorca,Real Club Deportivo Mallorca S.A.D.,ES1,,26,27.7,11,42.3,8,Mallorca Son Moix,26020,+€800k,,2025,../data/raw/transfermarkt-scraper/2025/clubs.json.gz,https://www.transfermarkt.co.uk/rcd-mallorca/startseite/verein/237
2448,sporting-gijon,Sporting Gijón,ES1,,28,26.2,10,35.7,2,El Molinón - Enrique Castro Quini,29029,+€5.23m,,2016,../data/raw/transfermarkt-scraper/2016/clubs.json.gz,https://www.transfermarkt.co.uk/sporting-gijon/startseite/verein/2448
2497,real-oviedo,Real Oviedo S.A.D.,ES1,,25,27.9,15,60.0,8,Carlos Tartiere,30500,€-3.95m,,2025,../data/raw/transfermarkt-scraper/2025/clubs.json.gz,https://www.transfermarkt.co.uk/real-oviedo/startseite/verein/2497
2687,fc-cadiz,Cádiz CF,ES1,,26,28.7,6,23.1,2,Nuevo Mirandilla,21094,+€4.00m,,2023,../data/raw/transfermarkt-scraper/2023/clubs.json.gz,https://www.transfermarkt.co.uk/fc-cadiz/startseite/verein/2687
281,manchester-city,Manchester City Football Club,GB1,,27,26.0,19,70.4,22,Etihad Stadium,55097,€-199.52m,,2025,../data/raw/transfermarkt-scraper/2025/clubs.json.gz,https://www.transfermarkt.co.uk/manchester-city/startseite/verein/281
289,afc-sunderland,Sunderland Association Football Club,GB1,,28,25.0,23,82.1,16,Stadium of Light,48707,€-160.69m,,2025,../data/raw/transfermarkt-scraper/2025/clubs.json.gz,https://www.transfermarkt.co.uk/afc-sunderland/startseite/verein/289
29,fc-everton,Everton Football Club,GB1,,25,26.7,13,52.0,11,Hill Dickinson Stadium,52769,€-117.15m,,2025,../data/raw/transfermarkt-scraper/2025/clubs.json.gz,https://www.transfermarkt.co.uk/fc-everton/startseite/verein/29
3008,hull-city,Hull City,GB1,,28,25.0,17,60.7,6,MKM Stadium,25586,+€7.50m,,2016,../data/raw/transfermarkt-scraper/2016/clubs.json.gz,https://www.transfermarkt.co.uk/hull-city/startseite/verein/3008
31,fc-liverpool,Liverpool Football Club,GB1,,28,25.9,21,75.0,18,Anfield,61276,€-263.40m,,2025,../data/raw/transfermarkt-scraper/2025/clubs.json.gz,https://www.transfermarkt.co.uk/fc-liverpool/startseite/verein/31
3302,ud-almeria,UD Almería,ES1,,24,25.2,13,54.2,5,Power Horse Stadium,18331,€-1.60m,,2023,../data/raw/transfermarkt-scraper/2023/clubs.json.gz,https://www.transfermarkt.co.uk/ud-almeria/startseite/verein/3302
331,ca-osasuna,Club Atlético Osasuna,ES1,,23,27.9,3,13.0,3,El Sadar,23576,+€1.50m,,2025,../data/raw/transfermarkt-scraper/2025/clubs.json.gz,https://www.transfermarkt.co.uk/ca-osasuna/startseite/verein/331
3368,ud-levante,Levante Unión Deportiva S.A.D.,ES1,,26,26.0,8,30.8,3,Ciutat de València,26354,+€300k,,2025,../data/raw/transfermarkt-scraper/2025/clubs.json.gz,https://www.transfermarkt.co.uk/ud-levante/startseite/verein/3368
350,sheffield-united,Sheffield United,GB1,,28,24.2,11,39.3,5,Bramall Lane,32702,+€31.02m,,2023,../data/raw/transfermarkt-scraper/2023/clubs.json.gz,https://www.transfermarkt.co.uk/sheffield-united/startseite/verein/350
366,real-valladolid,Real Valladolid CF,ES1,,28,25.4,14,50.0,1,José Zorrilla,27618,+€11.30m,Paulo Pezzolano,2024,../data/raw/transfermarkt-scraper/2024/clubs.json.gz,https://www.transfermarkt.co.uk/real-valladolid/startseite/verein/366
367,rayo-vallecano,Rayo Vallecano de Madrid S. A. D.,ES1,,27,28.7,14,51.9,7,Estadio de Vallecas,14708,€-7.10m,,2025,../data/raw/transfermarkt-scraper/2025/clubs.json.gz,https://www.transfermarkt.co.uk/rayo-vallecano/startseite/verein/367
368,fc-sevilla,Sevilla Fútbol Club S.A.D.,ES1,,28,27.9,17,60.7,9,Ramón Sánchez-Pizjuán,43883,+€54.75m,,2025,../data/raw/transfermarkt-scraper/2025/clubs.json.gz,https://www.transfermarkt.co.uk/fc-sevilla/startseite/verein/368
3709,fc-getafe,Getafe Club de Fútbol S. A. D. Team Dubai,ES1,,25,28.1,13,52.0,3,Coliseum,16800,+€10.80m,,2025,../data/raw/transfermarkt-scraper/2025/clubs.json.gz,https://www.transfermarkt.co.uk/fc-getafe/startseite/verein/3709
379,west-ham-united,West Ham United Football Club,GB1,,24,26.6,17,70.8,8,London Stadium,62500,€-53.10m,,2025,../data/raw/transfermarkt-scraper/2025/clubs.json.gz,https://www.transfermarkt.co.uk/west-ham-united/startseite/verein/379
399,leeds-united,Leeds United Association Football Club,GB1,,26,27.2,20,76.9,14,Elland Road,37890,€-106.70m,,2025,../data/raw/transfermarkt-scraper/2025/clubs.json.gz,https://www.transfermarkt.co.uk/leeds-united/startseite/verein/399
405,aston-villa,Aston Villa Football Club,GB1,,25,28.1,17,68.0,12,Villa Park,42918,€-12.65m,,2025,../data/raw/transfermarkt-scraper/2025/clubs.json.gz,https://www.transfermarkt.co.uk/aston-villa/startseite/verein/405
418,real-madrid,Real Madrid Club de Fútbol,ES1,,28,25.7,17,60.7,18,Santiago Bernabéu,83186,€-165.50m,,2025,../data/raw/transfermarkt-scraper/2025/clubs.json.gz,https://www.transfermarkt.co.uk/real-madrid/startseite/verein/418
472,ud-las-palmas,UD Las Palmas,ES1,,27,26.6,6,22.2,1,Estadio de Gran Canaria,32400,+€14.06m,Luis Carrión,2024,../data/raw/transfermarkt-scraper/2024/clubs.json.gz,https://www.transfermarkt.co.uk/ud-las-palmas/startseite/verein/472
512,stoke-city,Stoke City,GB1,,24,26.7,9,37.5,6,bet365 Stadium,30089,+€17.00m,,2017,../data/raw/transfermarkt-scraper/2017/clubs.json.gz,https://www.transfermarkt.co.uk/stoke-city/startseite/verein/512
5358,sd-huesca,SD Huesca,ES1,,24,27.5,8,33.3,2,El Alcoraz,9128,+€1.43m,,2020,../data/raw/transfermarkt-scraper/2020/clubs.json.gz,https://www.transfermarkt.co.uk/sd-huesca/startseite/verein/5358
543,wolverhampton-wanderers,Wolverhampton Wanderers Football Club,GB1,,23,26.2,19,82.6,12,Molineux Stadium,31750,+€81.10m,,2025,../data/raw/transfermarkt-scraper/2025/clubs.json.gz,https://www.transfermarkt.co.uk/wolverhampton-wanderers/startseite/verein/543
603,cardiff-city,Cardiff City,GB1,,28,25.5,24,85.7,8,Cardiff City Stadium,33280,€-655k,,2018,../data/raw/transfermarkt-scraper/2018/clubs.json.gz,https://www.transfermarkt.co.uk/cardiff-city/startseite/verein/603
621,athletic-bilbao,Athletic Club Bilbao,ES1,,28,27.1,3,10.7,6,San Mamés,53289,€-17.80m,,2025,../data/raw/transfermarkt-scraper/2025/clubs.json.gz,https://www.transfermarkt.co.uk/athletic-bilbao/startseite/verein/621
631,fc-chelsea,Chelsea Football Club,GB1,,30,23.5,21,70.0,15,Stamford Bridge,41631,€-4.90m,,2025,../data/raw/transfermarkt-scraper/2025/clubs.json.gz,https://www.transfermarkt.co.uk/fc-chelsea/startseite/verein/631
641,fc-middlesbrough,Middlesbrough FC,GB1,,25,26.1,8,32.0,6,Riverside Stadium,33746,+€16.68m,,2016,../data/raw/transfermarkt-scraper/2016/clubs.json.gz,https://www.transfermarkt.co.uk/fc-middlesbrough/startseite/verein/641
677,ipswich-town,Ipswich Town,GB1,,26,27.8,13,50.0,8,Portman Road,30056,+€29.95m,Kieran McKenna,2024,../data/raw/transfermarkt-scraper/2024/clubs.json.gz,https://www.transfermarkt.co.uk/ipswich-town/startseite/verein/677
681,real-sociedad-san-sebastian,Real Sociedad de Fútbol S.A.D.,ES1,,25,26.1,9,36.0,10,Reale Arena,39313,+€63.50m,,2025,../data/raw/transfermarkt-scraper/2025/clubs.json.gz,https://www.transfermarkt.co.uk/real-sociedad-san-sebastian/startseite/verein/681
703,nottingham-forest,Nottingham Forest Football Club,GB1,,29,26.5,22,75.9,14,The City Ground,30404,€-111.43m,,2025,../data/raw/transfermarkt-scraper/2025/clubs.json.gz,https://www.transfermarkt.co.uk/nottingham-forest/startseite/verein/703
714,espanyol-barcelona,Reial Club Deportiu Espanyol de Barcelona S.A.D.,ES1,,23,27.3,7,30.4,2,RCDE Stadium,37776,+€9.80m,,2025,../data/raw/transfermarkt-scraper/2025/clubs.json.gz,https://www.transfermarkt.co.uk/espanyol-barcelona/startseite/verein/714
762,newcastle-united,Newcastle United Football Club,GB1,,26,28.0,12,46.2,15,St James' Park,52258,€-102.85m,,2025,../data/raw/transfermarkt-scraper/2025/clubs.json.gz,https://www.transfermarkt.co.uk/newcastle-united/startseite/verein/762
873,crystal-palace,Crystal Palace Football Club,GB1,,28,26.4,19,67.9,19,Selhurst Park,25486,€-47.85m,,2025,../data/raw/transfermarkt-scraper/2025/clubs.json.gz,https://www.transfermarkt.co.uk/crystal-palace/startseite/verein/873
897,deportivo-la-coruna,Deportivo de La Coruña,ES1,,24,27.7,3,12.5,0,Abanca Riazor,32912,€-435k,,2017,../data/raw/transfermarkt-scraper/2017/clubs.json.gz,https://www.transfermarkt.co.uk/deportivo-la-coruna/startseite/verein/897
931,fc-fulham,Fulham Football Club,GB1,,24,28.2,20,83.3,12,Craven Cottage,29589,€-56.40m,,2025,../data/raw/transfermarkt-scraper/2025/clubs.json.gz,https://www.transfermarkt.co.uk/fc-fulham/startseite/verein/931
940,celta-vigo,Real Club Celta de Vigo S. A. D.,ES1,,28,26.9,9,32.1,6,Abanca Balaídos,24870,+€41.70m,,2025,../data/raw/transfermarkt-scraper/2025/clubs.json.gz,https://www.transfermarkt.co.uk/celta-vigo/startseite/verein/940
984,west-bromwich-albion,West Bromwich Albion,GB1,,25,27.8,8,32.0,4,The Hawthorns,26850,€-1.35m,,2020,../data/raw/transfermarkt-scraper/2020/clubs.json.gz,https://www.transfermarkt.co.uk/west-bromwich-albion/startseite/verein/984
985,manchester-united,Manchester United Football Club,GB1,,26,26.0,19,73.1,16,Old Trafford,74879,€-176.50m,,2025,../data/raw/transfermarkt-scraper/2025/clubs.json.gz,https://www.transfermarkt.co.uk/manchester-united/startseite/verein/985
989,afc-bournemouth,Association Football Club Bournemouth,GB1,,26,25.4,20,76.9,13,Vitality Stadium,11307,+€130.31m,,2025,../data/raw/transfermarkt-scraper/2025/clubs.json.gz,https://www.transfermarkt.co.uk/afc-bournemouth/startseite/verein/989
993,fc-cordoba,Córdoba CF,ES1,,24,27.9,4,16.7,0,Nuevo Arcángel,21822,+-0,,2014,../data/raw/transfermarkt-scraper/2014/clubs.json.gz,https://www.transfermarkt.co.uk/fc-cordoba/startseite/verein/993
